{
    "Santa Cruz de Tenerife": [
        "Tenerife",
        "La Laguna"
    ],
    "Las Palmas de Gran Canaria": [
        "Gran Canaria",
        "Las Palmas"
    ],
    "Madrid": [
        "Madrid"
    ],
    "Barcelona": [
        "Barcelona"
    ],
    "Valencia": [
        "Valencia"
    ],
    "Sevilla": [
        "Sevilla"
    ],
    "Bilbao": [
        "Bilbao",
        "Vizcaya"
    ],
    "Málaga": [
        "Málaga"
    ],
    "Zaragoza": [
        "Zaragoza"
    ],
    "Murcia": [
        "Murcia"
    ],
    "Palma": [
        "Palma"
    ],
    "Alicante": [
        "Alicante"
    ],
    "Córdoba": [
        "Córdoba"
    ],
    "Valladolid": [
        "Valladolid"
    ],
    "Vigo": [
        "Vigo"
    ],
    "Gijón": [
        "Gijón"
    ],
    "Vitoria-Gasteiz": [
        "Vitoria",
        "Gasteiz"
    ],
    "A Coruña": [
        "Coruña"
    ],
    "Granada": [
        "Granada"
    ],
    "Elche": [
        "Elche"
    ],
    "Oviedo": [
        "Oviedo"
    ],
    "Badalona": [
        "Badalona"
    ],
    "Cartagena": [
        "Cartagena"
    ],
    "Terrassa": [
        "Terrassa"
    ],
    "Jerez de la Frontera": [
        "Jerez"
    ],
    "Sabadell": [
        "Sabadell"
    ],
    "Móstoles": [
        "Móstoles"
    ],
    "Pamplona": [
        "Pamplona"
    ],
    "Almería": [
        "Almería"
    ],
    "Alcalá de Henares": [
        "Alcalá"
    ],
    "Fuenlabrada": [
        "Fuenlabrada"
    ],
    "Leganés": [
        "Leganés"
    ],
    "San Sebastián": [
        "San Sebastián",
        "Donostia"
    ],
    "Getafe": [
        "Getafe"
    ],
    "Burgos": [
        "Burgos"
    ],
    "Albacete": [
        "Albacete"
    ],
    "Castellón de la Plana": [
        "Castellón"
    ],
    "Santander": [
        "Santander"
    ],
    "Alcorcón": [
        "Alcorcón"
    ],
    "San Cristóbal de La Laguna": [
        "La Laguna"
    ],
    "Logroño": [
        "Logroño"
    ],
    "Badajoz": [
        "Badajoz"
    ],
    "Salamanca": [
        "Salamanca"
    ],
    "Huelva": [
        "Huelva"
    ],
    "Lleida": [
        "Lleida"
    ],
    "Marbella": [
        "Marbella"
    ],
    "Tarragona": [
        "Tarragona"
    ],
    "León": [
        "León"
    ],
    "Cádiz": [
        "Cádiz"
    ]
}